key,localPath,contentType,cacheControl,sha256,sizeBytes
audio/cinematic/cinematic_001.mp3,audio/cinematic/cinematic_001.mp3,audio/mpeg,"public, max-age=31536000, immutable",007bc75692f34b181002289fc802a430e5cceeb8249d025e076ebaeaf7465d21,2368617
previews/cinematic/cinematic_001_preview.mp3,previews/cinematic/cinematic_001_preview.mp3,audio/mpeg,"public, max-age=31536000, immutable",afaf5409380e0fb934fac25cfa3f2ca30ff4dcbb6de8b5e5f73a1102ffc45698,360847
audio/cinematic/cinematic_002.mp3,audio/cinematic/cinematic_002.mp3,audio/mpeg,"public, max-age=31536000, immutable",ec5a147ba925b842d9ff0f27b906f6c920abdda49956e329f481f8c7794c98cb,2151696
previews/cinematic/cinematic_002_preview.mp3,previews/cinematic/cinematic_002_preview.mp3,audio/mpeg,"public, max-age=31536000, immutable",c70584f39d7b7a8224282b0b1525426f719fb385dabcca909d5c5893b2c7fce0,360847
audio/cinematic/cinematic_003.mp3,audio/cinematic/cinematic_003.mp3,audio/mpeg,"public, max-age=31536000, immutable",aba807bd74e48cedd6ddb6c43236d3b47faceeec3360c3b3e819cc5c57df4705,2515321
previews/cinematic/cinematic_003_preview.mp3,previews/cinematic/cinematic_003_preview.mp3,audio/mpeg,"public, max-age=31536000, immutable",3a259b0ce6ffff09c2282eda50fe8cb1bd8db497d45f41060a244439df459f5f,360847
audio/cinematic/cinematic_004.mp3,audio/cinematic/cinematic_004.mp3,audio/mpeg,"public, max-age=31536000, immutable",c9038e9cbf4f8208f0fb05fe3ab6d94f2cd557e2d5182c11f9744c6438326708,3687696
previews/cinematic/cinematic_004_preview.mp3,previews/cinematic/cinematic_004_preview.mp3,audio/mpeg,"public, max-age=31536000, immutable",469447117400661efee09ea2957c891a03f949f44a0c0f40339a1e734daed772,360847
audio/cinematic/cinematic_005.mp3,audio/cinematic/cinematic_005.mp3,audio/mpeg,"public, max-age=31536000, immutable",aa440958143d47d318e7b517914366a9f2fa0271ac66b68402f9d9f1d85f554f,4371060
previews/cinematic/cinematic_005_preview.mp3,previews/cinematic/cinematic_005_preview.mp3,audio/mpeg,"public, max-age=31536000, immutable",8cdcb5ea1a30769bef36f7cd0d7bbb0b370364c8dc4a0babe2c641644793be56,360847
audio/cinematic/cinematic_006.mp3,audio/cinematic/cinematic_006.mp3,audio/mpeg,"public, max-age=31536000, immutable",11df8d2e2c5e2cae9ee779cd72cc3e8ca203c98a5761e5125516766b14f14eb9,2352944
previews/cinematic/cinematic_006_preview.mp3,previews/cinematic/cinematic_006_preview.mp3,audio/mpeg,"public, max-age=31536000, immutable",4907025a555c5d30cc23021affb546b4d22b71e5905653ff99d80ebd45332e9c,360847
audio/cinematic/cinematic_007.mp3,audio/cinematic/cinematic_007.mp3,audio/mpeg,"public, max-age=31536000, immutable",334576a9e3f6ced89d58aec6a524ff7c231979ea26bcea618f5b9a75271ca807,1647638
previews/cinematic/cinematic_007_preview.mp3,previews/cinematic/cinematic_007_preview.mp3,audio/mpeg,"public, max-age=31536000, immutable",77a1e48bad51f05a850467eac307a7f2ec3ec904967e145c69c0eed346ab7e36,360847
audio/cinematic/cinematic_008.mp3,audio/cinematic/cinematic_008.mp3,audio/mpeg,"public, max-age=31536000, immutable",dac66150da9b7d7706b7649323b65d40bc67723af1ecf5925ff7261d1575a828,1383696
previews/cinematic/cinematic_008_preview.mp3,previews/cinematic/cinematic_008_preview.mp3,audio/mpeg,"public, max-age=31536000, immutable",d712ee5fbccc98c603528ca73e5007e30ea5deca50a9827ef51e29a49660724a,360847
audio/cinematic/cinematic_009.mp3,audio/cinematic/cinematic_009.mp3,audio/mpeg,"public, max-age=31536000, immutable",efd323db13c77e2bc7eeb0968fee3cddc207dff72eb15d98f885607ca16223dd,2745408
previews/cinematic/cinematic_009_preview.mp3,previews/cinematic/cinematic_009_preview.mp3,audio/mpeg,"public, max-age=31536000, immutable",21c19edea5f24f0557bc76dc98ebf5b5f732a65dc7a372aeffb3bff83d16dd50,360847
audio/cinematic/cinematic_010.mp3,audio/cinematic/cinematic_010.mp3,audio/mpeg,"public, max-age=31536000, immutable",8cde150b83b29a07ab09e2da385373405a333decf124aea631ba235ab4e6bcfa,2082733
previews/cinematic/cinematic_010_preview.mp3,previews/cinematic/cinematic_010_preview.mp3,audio/mpeg,"public, max-age=31536000, immutable",f5f452114231f9163b33a1fc03e3e813f5243796fa7a5095506a46076b2de59c,360847
audio/chill/chill_001.mp3,audio/chill/chill_001.mp3,audio/mpeg,"public, max-age=31536000, immutable",cdad0baf8a90ce7f67ff0e572bbe3b4f7d420a0a3e5f40da46af914658d54ac4,3608702
previews/chill/chill_001_preview.mp3,previews/chill/chill_001_preview.mp3,audio/mpeg,"public, max-age=31536000, immutable",50143be7994d4d316bc1c7bf1c48e23f1eca433fbbc4f8e7b17daa75090eb1f0,360847
audio/chill/chill_002.mp3,audio/chill/chill_002.mp3,audio/mpeg,"public, max-age=31536000, immutable",bbd069950c87ce7bfb0093dc3299dad03f0ef7e1986189c132825bacd4b027f7,3456356
previews/chill/chill_002_preview.mp3,previews/chill/chill_002_preview.mp3,audio/mpeg,"public, max-age=31536000, immutable",9a461b1ba79ea45961050eba04cb38a166f682b87afcdc5b1393dcaba94beab5,360847
audio/chill/chill_003.mp3,audio/chill/chill_003.mp3,audio/mpeg,"public, max-age=31536000, immutable",495e176d39f515892c7745cce788fe25454291d9df639603729ffd2fe452de30,2688983
previews/chill/chill_003_preview.mp3,previews/chill/chill_003_preview.mp3,audio/mpeg,"public, max-age=31536000, immutable",b793f79af159fbd49aaed00308c59f20247caa92de181e9fe697f335f68ddba7,360847
audio/chill/chill_004.mp3,audio/chill/chill_004.mp3,audio/mpeg,"public, max-age=31536000, immutable",5a9ec873344489eee7b4a46305e0bbf6788c016cfb959ad9e271268c6d761c2e,2932862
previews/chill/chill_004_preview.mp3,previews/chill/chill_004_preview.mp3,audio/mpeg,"public, max-age=31536000, immutable",3c8efe963a9481362483a8d4dbf1c0bcc3070f094a0902cd7b2ec1ef6cf06147,360847
audio/chill/chill_005.mp3,audio/chill/chill_005.mp3,audio/mpeg,"public, max-age=31536000, immutable",b7b30db27afca4e70c049a9affdb994869a07927be687953d283e069a0728598,3695847
previews/chill/chill_005_preview.mp3,previews/chill/chill_005_preview.mp3,audio/mpeg,"public, max-age=31536000, immutable",e9502640e1a61d86b94d9ac046e3b21ee0122388f43f5db03434bf87798f38d7,360847
audio/chill/chill_006.mp3,audio/chill/chill_006.mp3,audio/mpeg,"public, max-age=31536000, immutable",bb0f830a350e24c8792b37c609542930646ae269f56e2e9af9e2fa46572600e9,2851987
previews/chill/chill_006_preview.mp3,previews/chill/chill_006_preview.mp3,audio/mpeg,"public, max-age=31536000, immutable",e10e15af6451acd248767229eabd001ed555e0d04a0a06a93848abca3acb208a,360847
audio/chill/chill_007.mp3,audio/chill/chill_007.mp3,audio/mpeg,"public, max-age=31536000, immutable",4dfad022497be231d19b2ca188138504a4f711d12f6d80947631305d21b2e93b,2520336
previews/chill/chill_007_preview.mp3,previews/chill/chill_007_preview.mp3,audio/mpeg,"public, max-age=31536000, immutable",5d31bc254c55a69f31e3e072f0141313cc043dae0a829330b8d1f8ad2383a3ec,360847
audio/chill/chill_008.mp3,audio/chill/chill_008.mp3,audio/mpeg,"public, max-age=31536000, immutable",610d64337f6d372d56829d32096a223b58a75272206391eb95ac4752b3395d54,3840670
previews/chill/chill_008_preview.mp3,previews/chill/chill_008_preview.mp3,audio/mpeg,"public, max-age=31536000, immutable",bc9fad2eeaaaed6446e9ee3bfe3815f50ac007ea93df8cf01a26e61417592ee6,360847
audio/travel/travel_001.mp3,audio/travel/travel_001.mp3,audio/mpeg,"public, max-age=31536000, immutable",aa8a01eb2d19e148374a57fd94e74006b417678a9ed65e11ec816a4c78633424,1844496
previews/travel/travel_001_preview.mp3,previews/travel/travel_001_preview.mp3,audio/mpeg,"public, max-age=31536000, immutable",d10ab6729f2b62282d6f35f1db166854e6115a18d2c4560f99ca5b22fcc87834,360847
audio/travel/travel_002.mp3,audio/travel/travel_002.mp3,audio/mpeg,"public, max-age=31536000, immutable",c333db2842d571d30637f07db60d78fb6073301fb57a9831e451cca5474ca7e9,2634439
previews/travel/travel_002_preview.mp3,previews/travel/travel_002_preview.mp3,audio/mpeg,"public, max-age=31536000, immutable",4e4ffc6a2a8e915c6d9542a16fa4f0fc03b02bc8657980514a335664c3c21b1d,360847
audio/travel/travel_003.mp3,audio/travel/travel_003.mp3,audio/mpeg,"public, max-age=31536000, immutable",640ef6182f7e210442b033689becc2d8b377b51c6912b8135cce8f0471d478c4,1677104
previews/travel/travel_003_preview.mp3,previews/travel/travel_003_preview.mp3,audio/mpeg,"public, max-age=31536000, immutable",4fd6bee81e6a2824962be131fa84593b63eb53f59065b94d7690c775fb480852,360847
audio/travel/travel_004.mp3,audio/travel/travel_004.mp3,audio/mpeg,"public, max-age=31536000, immutable",c581bc25621a6ea9df459ef4bb68b2cfebd4e2858572eda8476f717cad53c4d6,1596856
previews/travel/travel_004_preview.mp3,previews/travel/travel_004_preview.mp3,audio/mpeg,"public, max-age=31536000, immutable",a3a96172a6754b90a064b23250323646bfee3d11f10d8ff0a3512c1fe20a09a2,360847
audio/travel/travel_005.mp3,audio/travel/travel_005.mp3,audio/mpeg,"public, max-age=31536000, immutable",afb2f32de629aefa38526a197b48c0896f1eb23b0ae7b601ffe85aeb4b2ec4aa,3818727
previews/travel/travel_005_preview.mp3,previews/travel/travel_005_preview.mp3,audio/mpeg,"public, max-age=31536000, immutable",325df6f641332ea6094e20fa0711eee0bb9e58847ec96983f80bf838b712d85f,360847
audio/travel/travel_006.mp3,audio/travel/travel_006.mp3,audio/mpeg,"public, max-age=31536000, immutable",7923d0d61738d180fdc28770861dcd7d001b8df08a59f5b75bb43e9b33ebf434,1537296
previews/travel/travel_006_preview.mp3,previews/travel/travel_006_preview.mp3,audio/mpeg,"public, max-age=31536000, immutable",440e91563457c0a6939dede4c7160a95d1249226de5804cd1cced029b331c63a,360847
audio/action/action_001.mp3,audio/action/action_001.mp3,audio/mpeg,"public, max-age=31536000, immutable",cac1c1d12a565a57afc7d9bab315303bb79b48bc0f02aadbbefe22a790a01ac9,2846345
previews/action/action_001_preview.mp3,previews/action/action_001_preview.mp3,audio/mpeg,"public, max-age=31536000, immutable",dcc8eaf05fec1183e4d9f624f119087ea2878808b554a96bed0ae13725569276,360847
audio/action/action_002.mp3,audio/action/action_002.mp3,audio/mpeg,"public, max-age=31536000, immutable",5505d757475934400d0773d81fa86da8fa641fb6285e5254cb7bffdc139a81e0,4322785
previews/action/action_002_preview.mp3,previews/action/action_002_preview.mp3,audio/mpeg,"public, max-age=31536000, immutable",81b456e68e94367b196de5a6b167be644505d42782b83ba39c05866c70a1cbfe,360847
audio/action/action_003.mp3,audio/action/action_003.mp3,audio/mpeg,"public, max-age=31536000, immutable",320a2b72f3163c50caf23776379c1cf0b2bac48399b7dc46d46f5b1644495070,1937910
previews/action/action_003_preview.mp3,previews/action/action_003_preview.mp3,audio/mpeg,"public, max-age=31536000, immutable",8d048b4d925ae1e93e63d6eaaa25ef9fc7c3594dd0a43f210696497f8eb14c78,360847
audio/action/action_004.mp3,audio/action/action_004.mp3,audio/mpeg,"public, max-age=31536000, immutable",fbefc0b627e2bac84f8c9711d96a7526a2ee2265c2dc2416b468d3c58d0f73b2,1153610
previews/action/action_004_preview.mp3,previews/action/action_004_preview.mp3,audio/mpeg,"public, max-age=31536000, immutable",86ed79272ae9b87d394956eb251f3429e095a1669c9d177a4d05cee999e0d7fb,360847
audio/action/action_005.mp3,audio/action/action_005.mp3,audio/mpeg,"public, max-age=31536000, immutable",3729b7c6887ba5865c54657234082106a221a1b094e7ac6a617f62e442c9d102,1695912
previews/action/action_005_preview.mp3,previews/action/action_005_preview.mp3,audio/mpeg,"public, max-age=31536000, immutable",ffa85700a67ff2822ce308e8ccd85880e6a3ccc5f38f94d48fd02a6e211ddc68,360847
audio/action/action_006.mp3,audio/action/action_006.mp3,audio/mpeg,"public, max-age=31536000, immutable",90eb3f950f7026dd224e25a698440e2886f4c38baf3260df3a4ef1bea4602267,474008
previews/action/action_006_preview.mp3,previews/action/action_006_preview.mp3,audio/mpeg,"public, max-age=31536000, immutable",247865e330c77fb86a3699f4014404eba61ef608dabd43e87d9ebcd804a759d6,237026
audio/emotional/emotional_001.mp3,audio/emotional/emotional_001.mp3,audio/mpeg,"public, max-age=31536000, immutable",57f80cde17873bbc073881f4c211bfb43adca2f2a94bee95afa0b43839bce394,4003674
previews/emotional/emotional_001_preview.mp3,previews/emotional/emotional_001_preview.mp3,audio/mpeg,"public, max-age=31536000, immutable",911e75d57f6e40decb6a4ecba8e7329fe3822b250f4a8e62b49fb04256cfd469,360847
audio/emotional/emotional_002.mp3,audio/emotional/emotional_002.mp3,audio/mpeg,"public, max-age=31536000, immutable",7cec1b9cfbab7f4ed13f0ae6cb84887bd12a3a482b9bf63902a6978e58ec7014,3631272
previews/emotional/emotional_002_preview.mp3,previews/emotional/emotional_002_preview.mp3,audio/mpeg,"public, max-age=31536000, immutable",12491167d349fdcd94500b7c9ab664bd35b689e396360d5dd0a2d06e68eff766,360847
audio/emotional/emotional_003.mp3,audio/emotional/emotional_003.mp3,audio/mpeg,"public, max-age=31536000, immutable",b9753bbbaeba5328f6dab9d9ccc8654ba3193e7af8e4d941e225e17f85181db7,1729767
previews/emotional/emotional_003_preview.mp3,previews/emotional/emotional_003_preview.mp3,audio/mpeg,"public, max-age=31536000, immutable",fc2ba6ab3d71a4c2feeecaaccb427971b2709e7c1434c786444b293b306b4427,360847
audio/emotional/emotional_004.mp3,audio/emotional/emotional_004.mp3,audio/mpeg,"public, max-age=31536000, immutable",5514a2d16199d57a8d76eaa60ef01d82362c86cdda14a5b20a2fc0870b92ae04,545479
previews/emotional/emotional_004_preview.mp3,previews/emotional/emotional_004_preview.mp3,audio/mpeg,"public, max-age=31536000, immutable",9da75de099cf62aa8bf8671be2ff177b3f5e43b4adcbae00b1d8993abde5c7b5,272762
audio/emotional/emotional_005.mp3,audio/emotional/emotional_005.mp3,audio/mpeg,"public, max-age=31536000, immutable",fdbaac80e5fd484a2a870ba4af2b8280aa27fdca18a9abdece13f0d9e761416c,1025714
previews/emotional/emotional_005_preview.mp3,previews/emotional/emotional_005_preview.mp3,audio/mpeg,"public, max-age=31536000, immutable",7a4b6ae55bab69ca20765c4953a970c9c8d8450c84726c478ac22857cb84a107,360847
audio/electronic/electronic_001.mp3,audio/electronic/electronic_001.mp3,audio/mpeg,"public, max-age=31536000, immutable",2ef9a25f3506dbccad8f497d001f6fe78d86e3373060ee88deb6caa023c006dd,4043798
previews/electronic/electronic_001_preview.mp3,previews/electronic/electronic_001_preview.mp3,audio/mpeg,"public, max-age=31536000, immutable",0d5ca9d903e110596fe38c341952f3066c5b51dc5b34a92c82751ddb370bee61,360847
audio/electronic/electronic_002.mp3,audio/electronic/electronic_002.mp3,audio/mpeg,"public, max-age=31536000, immutable",6c1564a28a9a3f03849f8c27b66257662d2afc4e0ff6d583e789f40406740b24,2786785
previews/electronic/electronic_002_preview.mp3,previews/electronic/electronic_002_preview.mp3,audio/mpeg,"public, max-age=31536000, immutable",b4bbf86f41684f930ff5d626e0a7e93d65aba9dadd718b89afd780fad47473a8,360847
audio/electronic/electronic_003.mp3,audio/electronic/electronic_003.mp3,audio/mpeg,"public, max-age=31536000, immutable",50f128df2a55c289cf7f2c7c796928c0eabbca188c36dd563e5412e8350b2992,2739138
previews/electronic/electronic_003_preview.mp3,previews/electronic/electronic_003_preview.mp3,audio/mpeg,"public, max-age=31536000, immutable",62e326002ea30fda28f4eefd2043dbba7d1c4e5e6e2929721b81ce9abbbdd8b3,360847
audio/electronic/electronic_004.mp3,audio/electronic/electronic_004.mp3,audio/mpeg,"public, max-age=31536000, immutable",9e00b88f71dfda5d82151e4e1049d1c78286309ea253ed2dcd5db39b3eb806ff,2271442
previews/electronic/electronic_004_preview.mp3,previews/electronic/electronic_004_preview.mp3,audio/mpeg,"public, max-age=31536000, immutable",7610debf0dd3945d2b5b6745dedc595ab068d41bf1631635d184719a42a6a222,360847
audio/electronic/electronic_005.mp3,audio/electronic/electronic_005.mp3,audio/mpeg,"public, max-age=31536000, immutable",c557954b06afabc9ac50ce06f7334b51678e4188e5de14b3db08efc08536c0ed,513505
previews/electronic/electronic_005_preview.mp3,previews/electronic/electronic_005_preview.mp3,audio/mpeg,"public, max-age=31536000, immutable",1bfef29a38d7dea7336efa13e92972a4a2e4ce2b71cb478e7f010a0aef653da4,256775
audio/retro/retro_001.mp3,audio/retro/retro_001.mp3,audio/mpeg,"public, max-age=31536000, immutable",e458995239186a068fa1360ee8ad2ef8e1dd5d1267503d192d254c41f4b37345,1441375
previews/retro/retro_001_preview.mp3,previews/retro/retro_001_preview.mp3,audio/mpeg,"public, max-age=31536000, immutable",b4f5882e34bcaef372361a3dad8c222edc662a7034eeb3cb2a7fe2c2251a89dc,360847
audio/retro/retro_002.mp3,audio/retro/retro_002.mp3,audio/mpeg,"public, max-age=31536000, immutable",17e16d7b8c66f4c734dc8af793138cb3dcef4ce4ef2d96aff3ba1550ce47f3a6,1590586
previews/retro/retro_002_preview.mp3,previews/retro/retro_002_preview.mp3,audio/mpeg,"public, max-age=31536000, immutable",5ef70888940c650d2d77e16d24389bec3a50598bd1b98c96b1689e84a10234f0,360847
audio/retro/retro_003.mp3,audio/retro/retro_003.mp3,audio/mpeg,"public, max-age=31536000, immutable",70e64b1057a7055370fcb7db214d51d33952088c85104969f495f72f36dc6627,1331034
previews/retro/retro_003_preview.mp3,previews/retro/retro_003_preview.mp3,audio/mpeg,"public, max-age=31536000, immutable",2b2657c38be8f7b54165314526c6f0829d3212f14bc85c680fc72ef2708263b0,360847
audio/retro/retro_004.mp3,audio/retro/retro_004.mp3,audio/mpeg,"public, max-age=31536000, immutable",f67a5f73a76059e26026229b7d98dec618dc057aa6b6675b11e3d9a1689570d6,1692777
previews/retro/retro_004_preview.mp3,previews/retro/retro_004_preview.mp3,audio/mpeg,"public, max-age=31536000, immutable",454829788cfdc7b7c771f8d67616c499cf5a77aac95ac2689ef9e42eb2bc314b,360847
audio/retro/retro_005.mp3,audio/retro/retro_005.mp3,audio/mpeg,"public, max-age=31536000, immutable",a68b80e8ebccde0462a7ef03b51cb442dad8d5f7cb7289e9c02378c84f4f3c72,1318495
previews/retro/retro_005_preview.mp3,previews/retro/retro_005_preview.mp3,audio/mpeg,"public, max-age=31536000, immutable",6ca4cf2996803b3a60d3e62d527257270bfb52eec9220ee647dd79aa5f4afaa1,360847
audio/ambient/ambient_001.mp3,audio/ambient/ambient_001.mp3,audio/mpeg,"public, max-age=31536000, immutable",7215ad4ba0374ccd7b586e070ffad61cb60c7d52c9ed2afae394cb64a4500016,7973450
previews/ambient/ambient_001_preview.mp3,previews/ambient/ambient_001_preview.mp3,audio/mpeg,"public, max-age=31536000, immutable",f8e6dc641d248c0208edfbaed1324b8860e009d08913682334c4cd2509f7e56a,360847
audio/ambient/ambient_002.mp3,audio/ambient/ambient_002.mp3,audio/mpeg,"public, max-age=31536000, immutable",370d81674cf80edd20f178c16868ea8d40c1dabcbc657ebd8d6a004895818e04,3744748
previews/ambient/ambient_002_preview.mp3,previews/ambient/ambient_002_preview.mp3,audio/mpeg,"public, max-age=31536000, immutable",ecd92118c2f221d8cbe545ff728e7fc08a37d989506ff96086a7103482234b6f,360847
audio/ambient/ambient_003.mp3,audio/ambient/ambient_003.mp3,audio/mpeg,"public, max-age=31536000, immutable",87868558ff949687f38996889115b65c3df9c0ff56351fa4516a5181eea3890f,13276725
previews/ambient/ambient_003_preview.mp3,previews/ambient/ambient_003_preview.mp3,audio/mpeg,"public, max-age=31536000, immutable",e2cd448d21db2ceee2a9756b1360c69949cd6f59b963f1a0fdb043cddb7991a6,360847
audio/ambient/ambient_004.mp3,audio/ambient/ambient_004.mp3,audio/mpeg,"public, max-age=31536000, immutable",2f248c0e952c874439ff701ef2e12ba1e66f81eb0c5ad0a51282edbd6a76ae4f,9333280
previews/ambient/ambient_004_preview.mp3,previews/ambient/ambient_004_preview.mp3,audio/mpeg,"public, max-age=31536000, immutable",19c368d2178728ce3f1eb10da32badef826e769d9d248e48479a6145629f9164,360847
audio/ambient/ambient_005.mp3,audio/ambient/ambient_005.mp3,audio/mpeg,"public, max-age=31536000, immutable",11290a07b59f51fcf125bad69f70738e71e7700047db82fc9826bcac7a48a507,3143514
previews/ambient/ambient_005_preview.mp3,previews/ambient/ambient_005_preview.mp3,audio/mpeg,"public, max-age=31536000, immutable",cef3ae420a3ee106213a209fed2245953900d0cc4914fbef9a352261e18f94e6,360847
audio/cinematic/cinematic_011.mp3,audio/cinematic/cinematic_011.mp3,audio/mpeg,"public, max-age=31536000, immutable",6ffc57155a9d04df16407a861112cc2e22313d4869288eff847fdd9754bfaf3e,308496
previews/cinematic/cinematic_011_preview.mp3,previews/cinematic/cinematic_011_preview.mp3,audio/mpeg,"public, max-age=31536000, immutable",0016a98692c0da09685918439a3b20f1340db1b920ea2efefaf4047336872de8,154270
audio/cinematic/cinematic_012.mp3,audio/cinematic/cinematic_012.mp3,audio/mpeg,"public, max-age=31536000, immutable",0118a408694147298a2201832e0d37da2b62c57c9280adb28ca2e4be7e36465f,2257649
previews/cinematic/cinematic_012_preview.mp3,previews/cinematic/cinematic_012_preview.mp3,audio/mpeg,"public, max-age=31536000, immutable",908e83e20cbf6409cb86ae88263144c25cd8eddc9d8765ee3425493c876aca20,360847
audio/cinematic/cinematic_013.mp3,audio/cinematic/cinematic_013.mp3,audio/mpeg,"public, max-age=31536000, immutable",f91d4f170529d0e12d95270b30212fc96bb368052f57366d614868603d535333,1537923
previews/cinematic/cinematic_013_preview.mp3,previews/cinematic/cinematic_013_preview.mp3,audio/mpeg,"public, max-age=31536000, immutable",a32afa01ccf480ae8fcc0895cb48ac2c4e0884dc933ae95365c384c1f62e253c,360847
audio/cinematic/cinematic_014.mp3,audio/cinematic/cinematic_014.mp3,audio/mpeg,"public, max-age=31536000, immutable",0757fce6a5a22a8b0ad693edb93f6ca9625fe80b6841b801f0cd4221ec68730f,2161728
previews/cinematic/cinematic_014_preview.mp3,previews/cinematic/cinematic_014_preview.mp3,audio/mpeg,"public, max-age=31536000, immutable",7d41f32efba5b970c90346b95c7b7d6d10d9f313c81040ee0eb17a4e85bd8ed6,360847
audio/cinematic/cinematic_015.mp3,audio/cinematic/cinematic_015.mp3,audio/mpeg,"public, max-age=31536000, immutable",10ee20d293ad7f706c352ce554cf9ba492f60b5122b5be6ffe0565b28ef4d649,3649453
previews/cinematic/cinematic_015_preview.mp3,previews/cinematic/cinematic_015_preview.mp3,audio/mpeg,"public, max-age=31536000, immutable",e9508e626dbf891581320be327ade3c02a5afa4969366ed7f04e212ab39e9664,360847
audio/cinematic/cinematic_016.mp3,audio/cinematic/cinematic_016.mp3,audio/mpeg,"public, max-age=31536000, immutable",be684e81284cc91dc113413e457921c318663ce1356ec40973ce3d0acf61d75b,2031951
previews/cinematic/cinematic_016_preview.mp3,previews/cinematic/cinematic_016_preview.mp3,audio/mpeg,"public, max-age=31536000, immutable",6a6c10717f72f0192b8a0fb7663435cafe85b9e079663663ae9fa27a886545ef,360847
audio/cinematic/cinematic_017.mp3,audio/cinematic/cinematic_017.mp3,audio/mpeg,"public, max-age=31536000, immutable",515717a451439af78050985736f83709dcfc1638888a7fe8b0db3a6bd2235ded,1520369
previews/cinematic/cinematic_017_preview.mp3,previews/cinematic/cinematic_017_preview.mp3,audio/mpeg,"public, max-age=31536000, immutable",ed681781bbfb06b087727287459d2781f69631eda1992270edd506997059053c,360847
audio/cinematic/cinematic_018.mp3,audio/cinematic/cinematic_018.mp3,audio/mpeg,"public, max-age=31536000, immutable",bb5c62439eae8ca917031ebe707200540ce913e2d2ff08ba0599a728c9bd3427,1729767
previews/cinematic/cinematic_018_preview.mp3,previews/cinematic/cinematic_018_preview.mp3,audio/mpeg,"public, max-age=31536000, immutable",f1216b5dad5f6e0ed1cf4fdf11e18ade0ad81aeec9de05b7af282395f34240fb,360847
audio/cinematic/cinematic_019.mp3,audio/cinematic/cinematic_019.mp3,audio/mpeg,"public, max-age=31536000, immutable",07775ac6226bf2d7872e60b6d87f257419694b9ba5cc9d665b60627fa828c91a,2305923
previews/cinematic/cinematic_019_preview.mp3,previews/cinematic/cinematic_019_preview.mp3,audio/mpeg,"public, max-age=31536000, immutable",ca4dff005f1ddd0e391ddca281be9b20b0197d5684d2dfdef3ff8f53d82118d6,360847
audio/cinematic/cinematic_020.mp3,audio/cinematic/cinematic_020.mp3,audio/mpeg,"public, max-age=31536000, immutable",d1ddc20fd50811c221b6c2f19d5ce8a9625dae38fae37c12e75416164eb98db5,2170505
previews/cinematic/cinematic_020_preview.mp3,previews/cinematic/cinematic_020_preview.mp3,audio/mpeg,"public, max-age=31536000, immutable",b69e2a3d2bfe059bb5895a5b7f78ccd55faab4b632139a83b8602d70ec5b874e,360847
audio/chill/chill_009.mp3,audio/chill/chill_009.mp3,audio/mpeg,"public, max-age=31536000, immutable",7a1f038127cf551f8fe9ed315d484520d1022a9ec71c31a26a07c13d3d3efee3,4217460
previews/chill/chill_009_preview.mp3,previews/chill/chill_009_preview.mp3,audio/mpeg,"public, max-age=31536000, immutable",60efc0470f6033138040ab55504b5e45802e22ed4e49df0ca0d45c962554c778,360847
audio/chill/chill_010.mp3,audio/chill/chill_010.mp3,audio/mpeg,"public, max-age=31536000, immutable",7113639e5cd9a9fe8a7bbeaa2696ccfa150a564e8739bc9aa8dda02db700d886,3456356
previews/chill/chill_010_preview.mp3,previews/chill/chill_010_preview.mp3,audio/mpeg,"public, max-age=31536000, immutable",5babd86168001affc7918dc1afec66ad02e5cfd4361487a002a19274e15ff545,360847
audio/chill/chill_011.mp3,audio/chill/chill_011.mp3,audio/mpeg,"public, max-age=31536000, immutable",5a92d05833ca8054db0caa126221debc03d6eece034421fc2624b7a088791cd7,4032513
previews/chill/chill_011_preview.mp3,previews/chill/chill_011_preview.mp3,audio/mpeg,"public, max-age=31536000, immutable",51c72f13a897225cc8c1b2785c1236477f9934fa9d642f47ef71a1b0d38a4281,360847
audio/chill/chill_012.mp3,audio/chill/chill_012.mp3,audio/mpeg,"public, max-age=31536000, immutable",4aed62c24c1e22c0a40e68a01aa90ad5af8f3653b7c8ba61726aacf077d6f90f,5134671
previews/chill/chill_012_preview.mp3,previews/chill/chill_012_preview.mp3,audio/mpeg,"public, max-age=31536000, immutable",e588b603522f198eb66ef18da295b940715eb65977048991c8138f7c3d323313,360847
audio/chill/chill_013.mp3,audio/chill/chill_013.mp3,audio/mpeg,"public, max-age=31536000, immutable",80fb3edb1ccc10eee7f4eefb2d52daf466774fa3acba1dc95f994910be5fe1ef,5801734
previews/chill/chill_013_preview.mp3,previews/chill/chill_013_preview.mp3,audio/mpeg,"public, max-age=31536000, immutable",8bd1ad846d6f38ea969ac662dd8e168f15c3fc6422c779864c6539fdb6c83108,360847
audio/chill/chill_014.mp3,audio/chill/chill_014.mp3,audio/mpeg,"public, max-age=31536000, immutable",b381b20c29796bdf49dc0b638964fc4593348754c93dd5bdc171dcbb7115eb3f,4077025
previews/chill/chill_014_preview.mp3,previews/chill/chill_014_preview.mp3,audio/mpeg,"public, max-age=31536000, immutable",2e80831e81c4f509b70e942301b5e76529aeb4ee4388e57e98e4736c126a4f61,360847
audio/chill/chill_015.mp3,audio/chill/chill_015.mp3,audio/mpeg,"public, max-age=31536000, immutable",1aaf0d92086dabff4f23b7b942fdec607185237c5716f5bcde2fc4dd56d2c7a6,4051321
previews/chill/chill_015_preview.mp3,previews/chill/chill_015_preview.mp3,audio/mpeg,"public, max-age=31536000, immutable",3d18beeb4940d08ff84d7d30ca43bc8919e0215de2424ccdf149322b40bfa7e8,360847
audio/chill/chill_016.mp3,audio/chill/chill_016.mp3,audio/mpeg,"public, max-age=31536000, immutable",6f43b9b5885d55ec892574d152d390d14f38e2183cda3c1bf4f96b07f37e4fac,3193669
previews/chill/chill_016_preview.mp3,previews/chill/chill_016_preview.mp3,audio/mpeg,"public, max-age=31536000, immutable",4556a90b12120affc43bd7ac2ec87f4551ce63e803ba8b0c9bf562090018f59e,360847
audio/travel/travel_007.mp3,audio/travel/travel_007.mp3,audio/mpeg,"public, max-age=31536000, immutable",af095e2a2b9af31059aa164761c0afc94840c6d4fee7406c003af570b6c59383,216963
previews/travel/travel_007_preview.mp3,previews/travel/travel_007_preview.mp3,audio/mpeg,"public, max-age=31536000, immutable",0b73bb5afd234679cfd92e22dfa10ce8fa1bd7a7ba9a49a983404949d2284be0,108504
audio/travel/travel_008.mp3,audio/travel/travel_008.mp3,audio/mpeg,"public, max-age=31536000, immutable",d8bc81befeea1764fac6fffaf0249d7de6886f43e073bc42dd7468c2a590afcc,549868
previews/travel/travel_008_preview.mp3,previews/travel/travel_008_preview.mp3,audio/mpeg,"public, max-age=31536000, immutable",b2a9b5253871867677fa266a034264db2038a090362de7c5afcd5c5db345cf81,274956
audio/travel/travel_009.mp3,audio/travel/travel_009.mp3,audio/mpeg,"public, max-age=31536000, immutable",7bca0c3780603b0e6ece608aefe766e802fa661635274d5230335648b99aa68c,1099066
previews/travel/travel_009_preview.mp3,previews/travel/travel_009_preview.mp3,audio/mpeg,"public, max-age=31536000, immutable",8ba9df646628f7a2faca9ca2421e1b7309fbb73057e3eb4336a8e0fab29e2a5c,360847
audio/travel/travel_010.mp3,audio/travel/travel_010.mp3,audio/mpeg,"public, max-age=31536000, immutable",1cf0773f343be6782190a39a28a1ec3fb30476e213156e2f985514f66400bf6a,1357365
previews/travel/travel_010_preview.mp3,previews/travel/travel_010_preview.mp3,audio/mpeg,"public, max-age=31536000, immutable",0e86f8acc4ed2b06c4a123e3486cb08f3ded9de82085dde8d4ee47a7d8fa9826,360847
audio/travel/travel_011.mp3,audio/travel/travel_011.mp3,audio/mpeg,"public, max-age=31536000, immutable",c33a84a1968d1702f4369535dd28f3d93f70ff12aa5f702d62beffe86119ea1a,1318495
previews/travel/travel_011_preview.mp3,previews/travel/travel_011_preview.mp3,audio/mpeg,"public, max-age=31536000, immutable",e37220a868eda2f7804f3b6ffd8954d46a883aabb62dd8213e0821ab58dd9736,360847
audio/travel/travel_012.mp3,audio/travel/travel_012.mp3,audio/mpeg,"public, max-age=31536000, immutable",5e6b10b91cb952db9873056fb67e9285eb713e2e22dd1ed7c69c9d4e21a4a065,1425074
previews/travel/travel_012_preview.mp3,previews/travel/travel_012_preview.mp3,audio/mpeg,"public, max-age=31536000, immutable",5d566bb0ce76b0063c48447c76c3a25f3e6dcc6aab7e0e9a58ddfe2d724fe56e,360847
audio/action/action_007.mp3,audio/action/action_007.mp3,audio/mpeg,"public, max-age=31536000, immutable",4e04d0328b9a91cc6903ece2f1e0202627523615a065240522954a670be002f8,1975527
previews/action/action_007_preview.mp3,previews/action/action_007_preview.mp3,audio/mpeg,"public, max-age=31536000, immutable",37df8ef98f22c3851b8a5ab77be3a9e86e0bedd029f730570abd0f08b790f9ef,360847
audio/action/action_008.mp3,audio/action/action_008.mp3,audio/mpeg,"public, max-age=31536000, immutable",c2932eca5e5a0e3be28232142b1534739d1ee025274e003ea66c959f5aadd8f3,2963582
previews/action/action_008_preview.mp3,previews/action/action_008_preview.mp3,audio/mpeg,"public, max-age=31536000, immutable",35ebaaf7a0d7f5a1fd57cf3d1e9a7147b142b8e3664e5112d24137f1db7dc16e,360847
audio/action/action_009.mp3,audio/action/action_009.mp3,audio/mpeg,"public, max-age=31536000, immutable",cd5a5e6d3b5c9f0d6975998ab4e5af086c80684422e0b8d8e566087e0c3f88ab,1387458
previews/action/action_009_preview.mp3,previews/action/action_009_preview.mp3,audio/mpeg,"public, max-age=31536000, immutable",73fe503d34ab94282a30732ca8222b09f0a904f4f76b304e2665bb77673e770d,360847
audio/action/action_010.mp3,audio/action/action_010.mp3,audio/mpeg,"public, max-age=31536000, immutable",5885caec1ea5e6b9ad5f7d6edf0fd72326336ad01fe23807954a26e09be7d830,3460118
previews/action/action_010_preview.mp3,previews/action/action_010_preview.mp3,audio/mpeg,"public, max-age=31536000, immutable",4ff92f5096fc9065741134c9e6a2a00f89362a63fc165e3046b82693a4f64b5b,360847
audio/action/action_011.mp3,audio/action/action_011.mp3,audio/mpeg,"public, max-age=31536000, immutable",2538316ce24eed6524312d9373df3a1c83e610808e6eeb2b5cb7ddb4d98cca87,1242635
previews/action/action_011_preview.mp3,previews/action/action_011_preview.mp3,audio/mpeg,"public, max-age=31536000, immutable",fa3dd3cc1b78bf90341779e620b61b0768b5e0b01061304bf4251df33258bc99,360847
audio/action/action_012.mp3,audio/action/action_012.mp3,audio/mpeg,"public, max-age=31536000, immutable",847550a678daecf3faf5089981a93b9c416c69e9f60cd5e33fa0824400bb729a,1781803
previews/action/action_012_preview.mp3,previews/action/action_012_preview.mp3,audio/mpeg,"public, max-age=31536000, immutable",2a057422670793aec57121ec74308a899dbf2ab26ed255582ee20ec42db8e921,360847
audio/emotional/emotional_006.mp3,audio/emotional/emotional_006.mp3,audio/mpeg,"public, max-age=31536000, immutable",8a7c85d900ce96acff4594780d02e186ff7376cb62dcd52aa53e42be72397d17,3519677
previews/emotional/emotional_006_preview.mp3,previews/emotional/emotional_006_preview.mp3,audio/mpeg,"public, max-age=31536000, immutable",8a1f8e4068d237bbe46aa4cdd6020c5ab32d6bcf4f958d981da170e60614f961,360847
audio/emotional/emotional_007.mp3,audio/emotional/emotional_007.mp3,audio/mpeg,"public, max-age=31536000, immutable",0a546424e7d307d8b758bc43845c1910ce54770eda8e84d5b828c45affc82d38,5921479
previews/emotional/emotional_007_preview.mp3,previews/emotional/emotional_007_preview.mp3,audio/mpeg,"public, max-age=31536000, immutable",96208a5a5ed50ebefddc48c12bcfc5fae6306441fbc4b38fcf55d2d9b566ff50,360847
audio/emotional/emotional_008.mp3,audio/emotional/emotional_008.mp3,audio/mpeg,"public, max-age=31536000, immutable",91c136e729d0783872b8afece3bbb082d4c8587cde92ad2ff054d23eb36aba0e,1537296
previews/emotional/emotional_008_preview.mp3,previews/emotional/emotional_008_preview.mp3,audio/mpeg,"public, max-age=31536000, immutable",071757b1348ad6b2a0a80f8621314cec8c7a4b1ffd8ff548f0cd4f94ae4e3294,360847
audio/emotional/emotional_009.mp3,audio/emotional/emotional_009.mp3,audio/mpeg,"public, max-age=31536000, immutable",bddd2c1cc02df75a6aadab6a6bce6fe44ed86e87f5cdf9b4097232cc1245969d,1457048
previews/emotional/emotional_009_preview.mp3,previews/emotional/emotional_009_preview.mp3,audio/mpeg,"public, max-age=31536000, immutable",4188bddc3abe0916c2b01a758043159163cd3f44dbd0bebd9440f10c7a3fce3a,360847
audio/emotional/emotional_010.mp3,audio/emotional/emotional_010.mp3,audio/mpeg,"public, max-age=31536000, immutable",8dcecec94d98530f11cab40098ff90bb199d1342f73eb1fcd9a62784fe353a92,1000637
previews/emotional/emotional_010_preview.mp3,previews/emotional/emotional_010_preview.mp3,audio/mpeg,"public, max-age=31536000, immutable",aa3134d0e458d56f812849baca46f5c99b4c4567b3014301f0334403c61054bd,360847
audio/electronic/electronic_006.mp3,audio/electronic/electronic_006.mp3,audio/mpeg,"public, max-age=31536000, immutable",4cd0435c38729ee3a9bb44d1c1ac66bcbd10677735b91fd13d95c470daaa6e4d,2623781
previews/electronic/electronic_006_preview.mp3,previews/electronic/electronic_006_preview.mp3,audio/mpeg,"public, max-age=31536000, immutable",032246939c5cfe8d4f5944413bf1465ee7aa550f239a40c2f73bf17af59284f9,360847
audio/electronic/electronic_007.mp3,audio/electronic/electronic_007.mp3,audio/mpeg,"public, max-age=31536000, immutable",3dfd253a745aea4719bdccf52f9c0d3511890459fcf13ab4ae17f6005da3e4af,330439
previews/electronic/electronic_007_preview.mp3,previews/electronic/electronic_007_preview.mp3,audio/mpeg,"public, max-age=31536000, immutable",5d11eb7c980aacb05968dafc2dac9aa2bb8beeea8ceec331935a9b988d4e5ace,165242
audio/electronic/electronic_008.mp3,audio/electronic/electronic_008.mp3,audio/mpeg,"public, max-age=31536000, immutable",7de52a9ba82fcbeee44f87dfa2f4d10343f3597c1dfd0dadc5998eb27f9f662d,1740475
previews/electronic/electronic_008_preview.mp3,previews/electronic/electronic_008_preview.mp3,audio/mpeg,"public, max-age=31536000, immutable",54641c9375c64ab9a4daca495615d4aab892a6a59fbec747ff12a5ca5dbb5c2a,360847
audio/electronic/electronic_009.mp3,audio/electronic/electronic_009.mp3,audio/mpeg,"public, max-age=31536000, immutable",457682ba8f67ef449503632224ba2f804323982251c13a9dd62cc244bfd1cad2,3366077
previews/electronic/electronic_009_preview.mp3,previews/electronic/electronic_009_preview.mp3,audio/mpeg,"public, max-age=31536000, immutable",7746e076a529218e5a1ab2cb67b0b25cac9895631dc00a9af110079da1579ce1,360847
audio/electronic/electronic_010.mp3,audio/electronic/electronic_010.mp3,audio/mpeg,"public, max-age=31536000, immutable",00e28b75fe214009444f755c47d7286d712e61c493d2289c9d5333a802d07600,3226896
previews/electronic/electronic_010_preview.mp3,previews/electronic/electronic_010_preview.mp3,audio/mpeg,"public, max-age=31536000, immutable",c9da2610b1f2f6a9b0991fef7ea58a92e496d97b485556e424fe40349cb5721b,360847
audio/retro/retro_006.mp3,audio/retro/retro_006.mp3,audio/mpeg,"public, max-age=31536000, immutable",c5de897d8e1bc9f6e46d4b3119498b4ea1ff13d270de6b457cef263e845a4107,388745
previews/retro/retro_006_preview.mp3,previews/retro/retro_006_preview.mp3,audio/mpeg,"public, max-age=31536000, immutable",6b994247f466f771c10aa93b809d92cdc3d931c310958389642c5064f351eff1,194395
audio/retro/retro_007.mp3,audio/retro/retro_007.mp3,audio/mpeg,"public, max-age=31536000, immutable",d981f44d4332af68bcf5eca278924bd981b7a69a34338a61cb6430425d80e049,1848885
previews/retro/retro_007_preview.mp3,previews/retro/retro_007_preview.mp3,audio/mpeg,"public, max-age=31536000, immutable",010bcfdd0f1cb6ebee2a8c3f391e11e55c71beb9cf30a793ec923330713399bf,360847
audio/retro/retro_008.mp3,audio/retro/retro_008.mp3,audio/mpeg,"public, max-age=31536000, immutable",82914e95493133fd6b5e4cabc177e93ad8d7879d527bc24e7bf6e41b5cb0c109,1156118
previews/retro/retro_008_preview.mp3,previews/retro/retro_008_preview.mp3,audio/mpeg,"public, max-age=31536000, immutable",8047c3b906401925101152635969c3cd36f9f3b87bf22ac4d14b631596dc861e,360847
audio/retro/retro_009.mp3,audio/retro/retro_009.mp3,audio/mpeg,"public, max-age=31536000, immutable",d5ed213be5deecd80db7c6a42ac5cb0e6da944858068183439b9dd4a01f86548,610054
previews/retro/retro_009_preview.mp3,previews/retro/retro_009_preview.mp3,audio/mpeg,"public, max-age=31536000, immutable",6499290b4a909b68cadf7c7e36be2e346e265b4b8792903eaf601f701c5855ab,305049
audio/retro/retro_010.mp3,audio/retro/retro_010.mp3,audio/mpeg,"public, max-age=31536000, immutable",e70a650677ff5081af34d9c14aa8191ff15b58421221f25ab7d5fc8de7bc3d66,887788
previews/retro/retro_010_preview.mp3,previews/retro/retro_010_preview.mp3,audio/mpeg,"public, max-age=31536000, immutable",00004e51d50582a6d37a08d3b6466c03d8b5ca2c9e9adb26f9dd7013d059c376,360847
audio/ambient/ambient_006.mp3,audio/ambient/ambient_006.mp3,audio/mpeg,"public, max-age=31536000, immutable",ed735e968ebd6e497eee6057dea29e822fed3f63d81339184f9cc7b020ca0feb,2390560
previews/ambient/ambient_006_preview.mp3,previews/ambient/ambient_006_preview.mp3,audio/mpeg,"public, max-age=31536000, immutable",ede58a24107140fea4937a790db5afc4bfc4272d47b4fb57cd499a1beb03c8ff,360847
audio/ambient/ambient_007.mp3,audio/ambient/ambient_007.mp3,audio/mpeg,"public, max-age=31536000, immutable",cb8d158da85a69c34bfcba4376a8cc0960e7768d26709577147e75de644150dc,2213763
previews/ambient/ambient_007_preview.mp3,previews/ambient/ambient_007_preview.mp3,audio/mpeg,"public, max-age=31536000, immutable",94f9d1f475b799034a6e3a14cf73218e5d3c0d4f465b1dfc6d201a55ac3aed72,360847
audio/ambient/ambient_008.mp3,audio/ambient/ambient_008.mp3,audio/mpeg,"public, max-age=31536000, immutable",50b9d0f846d6562cfc1755b246eb65fde15158137bda65a1a4300a5aeae9ccc9,2463912
previews/ambient/ambient_008_preview.mp3,previews/ambient/ambient_008_preview.mp3,audio/mpeg,"public, max-age=31536000, immutable",719c95ac85db5e2e653acaaf0f3593c68025143ba0801b37307daea543dfcf6f,360847
audio/ambient/ambient_009.mp3,audio/ambient/ambient_009.mp3,audio/mpeg,"public, max-age=31536000, immutable",c65cffcdab41445a84bb3f5316a3bbf73f16194819d3b644a33c7b3d6d379382,2713434
previews/ambient/ambient_009_preview.mp3,previews/ambient/ambient_009_preview.mp3,audio/mpeg,"public, max-age=31536000, immutable",2f8c20a2a7bbc51f38afb022b5ada5035bdb6488e6c82c61b62a6aea41e96707,360847
audio/ambient/ambient_010.mp3,audio/ambient/ambient_010.mp3,audio/mpeg,"public, max-age=31536000, immutable",27e1d8f88e2f643ae499b35829059e81d62370e17880afd48646da0fc2d88f96,6048748
previews/ambient/ambient_010_preview.mp3,previews/ambient/ambient_010_preview.mp3,audio/mpeg,"public, max-age=31536000, immutable",e094ba707e260cf6b54136c75bc2ede7dcdcaa513466f7ad9e6a7c80f2cfc68a,360847
music_catalog.json,music_catalog.json,application/json; charset=utf-8,"public, max-age=300",803b43394498d35dfbb36c04a9d01c8a750d4fb983e1fc5d27d578a46a93478e,74663
